{
  "best_model": "XGBoost (scale_pos_weight)",
  "threshold": 0.36999999999999994,
  "validation_threshold_metrics": {
    "precision": 0.5192307692307693,
    "recall": 0.574468085106383,
    "f2_score": 0.5624999999997878
  },
  "test_metrics": {
    "accuracy": 0.8163265306122449,
    "precision": 0.43859649122807015,
    "recall": 0.5319148936170213,
    "f1": 0.4807692307692308,
    "roc_auc": 0.8033422344732536
  },
  "classification_report": "              precision    recall  f1-score   support\n\n           0      0.907     0.870     0.888       247\n           1      0.439     0.532     0.481        47\n\n    accuracy                          0.816       294\n   macro avg      0.673     0.701     0.685       294\nweighted avg      0.832     0.816     0.823       294\n",
  "confusion_matrix": [
    [
      215,
      32
    ],
    [
      22,
      25
    ]
  ],
  "train_rows": 882,
  "validation_rows": 294,
  "test_rows": 294
}